Workbook

Sheet Transactions
A1: Date | B1: Ticker | C1: Sector | D1: Action | E1: Shares | F1: Price | G1: Fees | H1: Total
A2: 46027 | B2: AAPL | C2: =_xlfn.XLOOKUP(Transactions[[#This Row],[Ticker]], Asset_Info!$A$2:$A$100, Asset_Info!$D$2:$D$100) -> Technology | D2: Buy | E2: 5 | F2: 180 | G2: 0 | H2: =IF(Transactions[[#This Row],[Action]]="Buy",Transactions[[#This Row],[Shares]]*Transactions[[#This Row],[Price]]+Transactions[[#This Row],[Fees]],-(Transactions[[#This Row],[Shares]]*Transactions[[#This Row],[Price]]-Transactions[[#This Row],[Fees]])) -> 900
A3: 46032 | B3: MSFT | C3: =_xlfn.XLOOKUP(Transactions[[#This Row],[Ticker]], Asset_Info!$A$2:$A$100, Asset_Info!$D$2:$D$100) -> Technology | D3: Buy | E3: 3 | F3: 300 | G3: 0 | H3: =IF(Transactions[[#This Row],[Action]]="Buy",Transactions[[#This Row],[Shares]]*Transactions[[#This Row],[Price]]+Transactions[[#This Row],[Fees]],-(Transactions[[#This Row],[Shares]]*Transactions[[#This Row],[Price]]-Transactions[[#This Row],[Fees]])) -> 900
A4: 46037 | B4: SPY | C4: =_xlfn.XLOOKUP(Transactions[[#This Row],[Ticker]], Asset_Info!$A$2:$A$100, Asset_Info!$D$2:$D$100) -> Broad Market | D4: Buy | E4: 2 | F4: 500 | G4: 0 | H4: =IF(Transactions[[#This Row],[Action]]="Buy",Transactions[[#This Row],[Shares]]*Transactions[[#This Row],[Price]]+Transactions[[#This Row],[Fees]],-(Transactions[[#This Row],[Shares]]*Transactions[[#This Row],[Price]]-Transactions[[#This Row],[Fees]])) -> 1000
A5: 46054 | B5: AAPL | C5: =_xlfn.XLOOKUP(Transactions[[#This Row],[Ticker]], Asset_Info!$A$2:$A$100, Asset_Info!$D$2:$D$100) -> Technology | D5: Buy | E5: 2 | F5: 190 | G5: 0 | H5: =IF(Transactions[[#This Row],[Action]]="Buy",Transactions[[#This Row],[Shares]]*Transactions[[#This Row],[Price]]+Transactions[[#This Row],[Fees]],-(Transactions[[#This Row],[Shares]]*Transactions[[#This Row],[Price]]-Transactions[[#This Row],[Fees]])) -> 380
A6: 46058 | B6: NVDA | C6: =_xlfn.XLOOKUP(Transactions[[#This Row],[Ticker]], Asset_Info!$A$2:$A$100, Asset_Info!$D$2:$D$100) -> Technology | D6: Buy | E6: 10 | F6: 50 | G6: 0 | H6: =IF(Transactions[[#This Row],[Action]]="Buy",Transactions[[#This Row],[Shares]]*Transactions[[#This Row],[Price]]+Transactions[[#This Row],[Fees]],-(Transactions[[#This Row],[Shares]]*Transactions[[#This Row],[Price]]-Transactions[[#This Row],[Fees]])) -> 500
A7: 46113 | B7: GLD | C7: =_xlfn.XLOOKUP(Transactions[[#This Row],[Ticker]], Asset_Info!$A$2:$A$100, Asset_Info!$D$2:$D$100) -> Commodities | D7: Buy | E7: 3 | F7: 200 | G7: 0 | H7: =IF(Transactions[[#This Row],[Action]]="Buy",Transactions[[#This Row],[Shares]]*Transactions[[#This Row],[Price]]+Transactions[[#This Row],[Fees]],-(Transactions[[#This Row],[Shares]]*Transactions[[#This Row],[Price]]-Transactions[[#This Row],[Fees]])) -> 600
A8: 46117 | B8: NVDA | C8: =_xlfn.XLOOKUP(Transactions[[#This Row],[Ticker]], Asset_Info!$A$2:$A$100, Asset_Info!$D$2:$D$100) -> Technology | D8: Sell | E8: 4 | F8: 60 | G8: 0 | H8: =IF(Transactions[[#This Row],[Action]]="Buy",Transactions[[#This Row],[Shares]]*Transactions[[#This Row],[Price]]+Transactions[[#This Row],[Fees]],-(Transactions[[#This Row],[Shares]]*Transactions[[#This Row],[Price]]-Transactions[[#This Row],[Fees]])) -> -240
A9: 46143 | B9: JPM | C9: =_xlfn.XLOOKUP(Transactions[[#This Row],[Ticker]], Asset_Info!$A$2:$A$100, Asset_Info!$D$2:$D$100) -> Finance | D9: Buy | E9: 20 | F9: 480 | G9: 0 | H9: =IF(Transactions[[#This Row],[Action]]="Buy",Transactions[[#This Row],[Shares]]*Transactions[[#This Row],[Price]]+Transactions[[#This Row],[Fees]],-(Transactions[[#This Row],[Shares]]*Transactions[[#This Row],[Price]]-Transactions[[#This Row],[Fees]])) -> 9600
A10: 46116 | B10: AMZN | C10: =_xlfn.XLOOKUP(Transactions[[#This Row],[Ticker]], Asset_Info!$A$2:$A$100, Asset_Info!$D$2:$D$100) -> Retail | D10: Buy | E10: 50 | F10: 200 | G10: 0 | H10: =IF(Transactions[[#This Row],[Action]]="Buy",Transactions[[#This Row],[Shares]]*Transactions[[#This Row],[Price]]+Transactions[[#This Row],[Fees]],-(Transactions[[#This Row],[Shares]]*Transactions[[#This Row],[Price]]-Transactions[[#This Row],[Fees]])) -> 10000
A11: 46137 | B11: GOOGL | C11: =_xlfn.XLOOKUP(Transactions[[#This Row],[Ticker]], Asset_Info!$A$2:$A$100, Asset_Info!$D$2:$D$100) -> Technology | D11: Buy | E11: 100 | F11: 300 | G11: 0 | H11: =IF(Transactions[[#This Row],[Action]]="Buy",Transactions[[#This Row],[Shares]]*Transactions[[#This Row],[Price]]+Transactions[[#This Row],[Fees]],-(Transactions[[#This Row],[Shares]]*Transactions[[#This Row],[Price]]-Transactions[[#This Row],[Fees]])) -> 30000

Sheet Asset_Info
A1: Ticker | B1: Name | C1: Asset Type | D1: Sector | E1: Region
A2: AAPL | B2: {=Stock_Data!C2:C100} -> APPLE INC. | C2: =IF(A2="","",Stock_Data!F2) -> Acciones | D2: Technology | E2: U.S.
A3: MSFT | B3: MICROSOFT CORPORATION | C3: =IF(A3="","",Stock_Data!F3) -> Acciones | D3: Technology | E3: U.S.
A4: SPY | B4: State Street SPDR S&P500 | C4: =IF(A4="","",Stock_Data!F4) -> ETF | D4: Broad Market | E4: U.S.
A5: GLD | B5: NVIDIA CORPORATION | C5: =IF(A5="","",Stock_Data!F5) -> Acciones | D5: Commodities | E5: Global
A6: NVDA | B6: SPDR Gold | C6: =IF(A6="","",Stock_Data!F6) -> ETF | D6: Technology | E6: U.S.
A7: JPM | B7: JPMORGAN CHASE & CO. | C7: =IF(A7="","",Stock_Data!F7) -> Acciones | D7: Finance | E7: U.S.
A8: AMZN | B8: AMAZON.COM, INC. | C8: =IF(A8="","",Stock_Data!F8) -> Acciones | D8: Retail | E8: U.S.
A9: GOOGL | B9: ALPHABET INC. | C9: =IF(A9="","",Stock_Data!F9) -> Acciones | D9: Technology | E9: U.S.
C10: =IF(A10="","",Stock_Data!F10)
C11: =IF(A11="","",Stock_Data!F11)
C12: =IF(A12="","",Stock_Data!F12)
C13: =IF(A13="","",Stock_Data!F13)
C14: =IF(A14="","",Stock_Data!F14)
C15: =IF(A15="","",Stock_Data!F15)
C16: =IF(A16="","",Stock_Data!F16)
C17: =IF(A17="","",Stock_Data!F17)
C18: =IF(A18="","",Stock_Data!F18)
C19: =IF(A19="","",Stock_Data!F19)
C20: =IF(A20="","",Stock_Data!F20)
C21: =IF(A21="","",Stock_Data!F21)
... C100: =IF(A100="","",Stock_Data!F100)

Sheet Prices
A1: Ticker | B1: Current Price | C1: Price Date
A2: {=_xlfn.UNIQUE(Transactions[Ticker])} -> AAPL | B2: =IF(A2="","",_xlfn.XLOOKUP(A2,Stock_Data!$A:$A,Stock_Data!$D:$D)) -> 280.14 | C2: =IF(A2="","",_xlfn.XLOOKUP(A2,Stock_Data!$A:$A,Stock_Data!$E:$E)) -> 46145
A3: MSFT | B3: =IF(A3="","",_xlfn.XLOOKUP(A3,Stock_Data!$A:$A,Stock_Data!$D:$D)) -> 414.44 | C3: =IF(A3="","",_xlfn.XLOOKUP(A3,Stock_Data!$A:$A,Stock_Data!$E:$E)) -> 46145
A4: SPY | B4: =IF(A4="","",_xlfn.XLOOKUP(A4,Stock_Data!$A:$A,Stock_Data!$D:$D)) -> 720.65 | C4: =IF(A4="","",_xlfn.XLOOKUP(A4,Stock_Data!$A:$A,Stock_Data!$E:$E)) -> 46145
A5: NVDA | B5: =IF(A5="","",_xlfn.XLOOKUP(A5,Stock_Data!$A:$A,Stock_Data!$D:$D)) -> 198.45 | C5: =IF(A5="","",_xlfn.XLOOKUP(A5,Stock_Data!$A:$A,Stock_Data!$E:$E)) -> 46145
A6: GLD | B6: =IF(A6="","",_xlfn.XLOOKUP(A6,Stock_Data!$A:$A,Stock_Data!$D:$D)) -> 423.18 | C6: =IF(A6="","",_xlfn.XLOOKUP(A6,Stock_Data!$A:$A,Stock_Data!$E:$E)) -> 46145
A7: JPM | B7: =IF(A7="","",_xlfn.XLOOKUP(A7,Stock_Data!$A:$A,Stock_Data!$D:$D)) -> 312.47 | C7: =IF(A7="","",_xlfn.XLOOKUP(A7,Stock_Data!$A:$A,Stock_Data!$E:$E)) -> 46145
A8: AMZN | B8: =IF(A8="","",_xlfn.XLOOKUP(A8,Stock_Data!$A:$A,Stock_Data!$D:$D)) -> 268.26 | C8: =IF(A8="","",_xlfn.XLOOKUP(A8,Stock_Data!$A:$A,Stock_Data!$E:$E)) -> 46145
A9: GOOGL | B9: =IF(A9="","",_xlfn.XLOOKUP(A9,Stock_Data!$A:$A,Stock_Data!$D:$D)) -> 385.69 | C9: =IF(A9="","",_xlfn.XLOOKUP(A9,Stock_Data!$A:$A,Stock_Data!$E:$E)) -> 46145
B10: =IF(A10="","",_xlfn.XLOOKUP(A10,Stock_Data!$A:$A,Stock_Data!$D:$D)) | C10: =IF(A10="","",_xlfn.XLOOKUP(A10,Stock_Data!$A:$A,Stock_Data!$E:$E))
B11: =IF(A11="","",_xlfn.XLOOKUP(A11,Stock_Data!$A:$A,Stock_Data!$D:$D)) | C11: =IF(A11="","",_xlfn.XLOOKUP(A11,Stock_Data!$A:$A,Stock_Data!$E:$E))
B12: =IF(A12="","",_xlfn.XLOOKUP(A12,Stock_Data!$A:$A,Stock_Data!$D:$D)) | C12: =IF(A12="","",_xlfn.XLOOKUP(A12,Stock_Data!$A:$A,Stock_Data!$E:$E))
B13: =IF(A13="","",_xlfn.XLOOKUP(A13,Stock_Data!$A:$A,Stock_Data!$D:$D)) | C13: =IF(A13="","",_xlfn.XLOOKUP(A13,Stock_Data!$A:$A,Stock_Data!$E:$E))
B14: =IF(A14="","",_xlfn.XLOOKUP(A14,Stock_Data!$A:$A,Stock_Data!$D:$D)) | C14: =IF(A14="","",_xlfn.XLOOKUP(A14,Stock_Data!$A:$A,Stock_Data!$E:$E))
B15: =IF(A15="","",_xlfn.XLOOKUP(A15,Stock_Data!$A:$A,Stock_Data!$D:$D)) | C15: =IF(A15="","",_xlfn.XLOOKUP(A15,Stock_Data!$A:$A,Stock_Data!$E:$E))
B16: =IF(A16="","",_xlfn.XLOOKUP(A16,Stock_Data!$A:$A,Stock_Data!$D:$D)) | C16: =IF(A16="","",_xlfn.XLOOKUP(A16,Stock_Data!$A:$A,Stock_Data!$E:$E))
B17: =IF(A17="","",_xlfn.XLOOKUP(A17,Stock_Data!$A:$A,Stock_Data!$D:$D)) | C17: =IF(A17="","",_xlfn.XLOOKUP(A17,Stock_Data!$A:$A,Stock_Data!$E:$E))
B18: =IF(A18="","",_xlfn.XLOOKUP(A18,Stock_Data!$A:$A,Stock_Data!$D:$D)) | C18: =IF(A18="","",_xlfn.XLOOKUP(A18,Stock_Data!$A:$A,Stock_Data!$E:$E))
B19: =IF(A19="","",_xlfn.XLOOKUP(A19,Stock_Data!$A:$A,Stock_Data!$D:$D)) | C19: =IF(A19="","",_xlfn.XLOOKUP(A19,Stock_Data!$A:$A,Stock_Data!$E:$E))
B20: =IF(A20="","",_xlfn.XLOOKUP(A20,Stock_Data!$A:$A,Stock_Data!$D:$D)) | C20: =IF(A20="","",_xlfn.XLOOKUP(A20,Stock_Data!$A:$A,Stock_Data!$E:$E))
B21: =IF(A21="","",_xlfn.XLOOKUP(A21,Stock_Data!$A:$A,Stock_Data!$D:$D)) | C21: =IF(A21="","",_xlfn.XLOOKUP(A21,Stock_Data!$A:$A,Stock_Data!$E:$E))
... B100: =IF(A100="","",_xlfn.XLOOKUP(A100,Stock_Data!$A:$A,Stock_Data!$D:$D)) | C100: =IF(A100="","",_xlfn.XLOOKUP(A100,Stock_Data!$A:$A,Stock_Data!$E:$E))

Sheet Stock_Data
A1: Ticker | B1: Stock | C1: Name | D1: Current Price | E1: Price Date | F1: Type | G1: Sector
A2: {=_xlfn.UNIQUE(Transactions[Ticker])} -> AAPL | B2: #VALUE! | C2: {=IF(A2="","",_FV(B2,"Nombre"))} -> APPLE INC. | D2: {=IFERROR(_FV(B2,"Precio"),"")} -> 280.14 | E2: =TODAY() -> 46145 | F2: {=IF(A2="","",_FV(B2,"Tipo de instrumento",TRUE))} -> Acciones | G2: {=IF(A2="","",IFERROR(_FV(B2,"Sector"),"N/A"))} -> Computers, Phones & Household Electronics
A3: MSFT | B3: #VALUE! | C3: {=IF(A3="","",_FV(B3,"Nombre"))} -> MICROSOFT CORPORATION | D3: {=IFERROR(_FV(B3,"Precio"),"")} -> 414.44 | E3: =TODAY() -> 46145 | F3: {=IF(A3="","",_FV(B3,"Tipo de instrumento",TRUE))} -> Acciones | G3: {=IF(A3="","",IFERROR(_FV(B3,"Sector"),"N/A"))} -> Software & IT Services
A4: SPY | B4: #VALUE! | C4: {=IF(A4="","",_FV(B4,"Nombre"))} -> State Street SPDR S&P500 | D4: {=IFERROR(_FV(B4,"Precio"),"")} -> 720.65 | E4: =TODAY() -> 46145 | F4: {=IF(A4="","",_FV(B4,"Tipo de instrumento",TRUE))} -> ETF | G4: {=IF(A4="","",IFERROR(_FV(B4,"Sector"),"N/A"))} -> N/A
A5: NVDA | B5: #VALUE! | C5: {=IF(A5="","",_FV(B5,"Nombre"))} -> NVIDIA CORPORATION | D5: {=IFERROR(_FV(B5,"Precio"),"")} -> 198.45 | E5: =TODAY() -> 46145 | F5: {=IF(A5="","",_FV(B5,"Tipo de instrumento",TRUE))} -> Acciones | G5: {=IF(A5="","",IFERROR(_FV(B5,"Sector"),"N/A"))} -> Semiconductors & Semiconductor Equipment
A6: GLD | B6: #VALUE! | C6: {=IF(A6="","",_FV(B6,"Nombre"))} -> SPDR Gold | D6: {=IFERROR(_FV(B6,"Precio"),"")} -> 423.18 | E6: =TODAY() -> 46145 | F6: {=IF(A6="","",_FV(B6,"Tipo de instrumento",TRUE))} -> ETF | G6: {=IF(A6="","",IFERROR(_FV(B6,"Sector"),"N/A"))} -> N/A
A7: JPM | B7: #VALUE! | C7: {=IF(A7="","",_FV(B7,"Nombre"))} -> JPMORGAN CHASE & CO. | D7: {=IFERROR(_FV(B7,"Precio"),"")} -> 312.47 | E7: =TODAY() -> 46145 | F7: {=IF(A7="","",_FV(B7,"Tipo de instrumento",TRUE))} -> Acciones | G7: {=IF(A7="","",IFERROR(_FV(B7,"Sector"),"N/A"))} -> Banking Services
A8: AMZN | B8: #VALUE! | C8: {=IF(A8="","",_FV(B8,"Nombre"))} -> AMAZON.COM, INC. | D8: {=IFERROR(_FV(B8,"Precio"),"")} -> 268.26 | E8: =TODAY() -> 46145 | F8: {=IF(A8="","",_FV(B8,"Tipo de instrumento",TRUE))} -> Acciones | G8: {=IF(A8="","",IFERROR(_FV(B8,"Sector"),"N/A"))} -> Diversified Retail
A9: GOOGL | B9: #VALUE! | C9: {=IF(A9="","",_FV(B9,"Nombre"))} -> ALPHABET INC. | D9: {=IFERROR(_FV(B9,"Precio"),"")} -> 385.69 | E9: =TODAY() -> 46145 | F9: {=IF(A9="","",_FV(B9,"Tipo de instrumento",TRUE))} -> Acciones | G9: {=IF(A9="","",IFERROR(_FV(B9,"Sector"),"N/A"))} -> Software & IT Services
C10: {=IF(A10="","",_FV(B10,"Nombre"))} | D10: {=IFERROR(_FV(B10,"Precio"),"")} | F10: {=IF(A10="","",_FV(B10,"Tipo de instrumento",TRUE))} | G10: {=IF(A10="","",IFERROR(_FV(B10,"Sector"),"N/A"))}
C11: {=IF(A11="","",_FV(B11,"Nombre"))} | D11: {=IFERROR(_FV(B11,"Precio"),"")} | F11: {=IF(A11="","",_FV(B11,"Tipo de instrumento",TRUE))} | G11: {=IF(A11="","",IFERROR(_FV(B11,"Sector"),"N/A"))}
C12: {=IF(A12="","",_FV(B12,"Nombre"))} | D12: {=IFERROR(_FV(B12,"Precio"),"")} | F12: {=IF(A12="","",_FV(B12,"Tipo de instrumento",TRUE))} | G12: {=IF(A12="","",IFERROR(_FV(B12,"Sector"),"N/A"))}
C13: {=IF(A13="","",_FV(B13,"Nombre"))} | D13: {=IFERROR(_FV(B13,"Precio"),"")} | F13: {=IF(A13="","",_FV(B13,"Tipo de instrumento",TRUE))} | G13: {=IF(A13="","",IFERROR(_FV(B13,"Sector"),"N/A"))}
C14: {=IF(A14="","",_FV(B14,"Nombre"))} | D14: {=IFERROR(_FV(B14,"Precio"),"")} | F14: {=IF(A14="","",_FV(B14,"Tipo de instrumento",TRUE))} | G14: {=IF(A14="","",IFERROR(_FV(B14,"Sector"),"N/A"))}
C15: {=IF(A15="","",_FV(B15,"Nombre"))} | D15: {=IFERROR(_FV(B15,"Precio"),"")} | F15: {=IF(A15="","",_FV(B15,"Tipo de instrumento",TRUE))} | G15: {=IF(A15="","",IFERROR(_FV(B15,"Sector"),"N/A"))}
C16: {=IF(A16="","",_FV(B16,"Nombre"))} | D16: {=IFERROR(_FV(B16,"Precio"),"")} | F16: {=IF(A16="","",_FV(B16,"Tipo de instrumento",TRUE))} | G16: {=IF(A16="","",IFERROR(_FV(B16,"Sector"),"N/A"))}
C17: {=IF(A17="","",_FV(B17,"Nombre"))} | D17: {=IFERROR(_FV(B17,"Precio"),"")} | F17: {=IF(A17="","",_FV(B17,"Tipo de instrumento",TRUE))} | G17: {=IF(A17="","",IFERROR(_FV(B17,"Sector"),"N/A"))}
C18: {=IF(A18="","",_FV(B18,"Nombre"))} | D18: {=IFERROR(_FV(B18,"Precio"),"")} | F18: {=IF(A18="","",_FV(B18,"Tipo de instrumento",TRUE))} | G18: {=IF(A18="","",IFERROR(_FV(B18,"Sector"),"N/A"))}
C19: {=IF(A19="","",_FV(B19,"Nombre"))} | D19: {=IFERROR(_FV(B19,"Precio"),"")} | F19: {=IF(A19="","",_FV(B19,"Tipo de instrumento",TRUE))} | G19: {=IF(A19="","",IFERROR(_FV(B19,"Sector"),"N/A"))}
C20: {=IF(A20="","",_FV(B20,"Nombre"))} | D20: {=IFERROR(_FV(B20,"Precio"),"")} | F20: {=IF(A20="","",_FV(B20,"Tipo de instrumento",TRUE))} | G20: {=IF(A20="","",IFERROR(_FV(B20,"Sector"),"N/A"))}
C21: {=IF(A21="","",_FV(B21,"Nombre"))} | D21: {=IFERROR(_FV(B21,"Precio"),"")} | F21: {=IF(A21="","",_FV(B21,"Tipo de instrumento",TRUE))} | G21: {=IF(A21="","",IFERROR(_FV(B21,"Sector"),"N/A"))}
... C100: {=IF(A100="","",_FV(B100,"Nombre"))} | D100: {=IFERROR(_FV(B100,"Precio"),"")} | F100: {=IF(A100="","",_FV(B100,"Tipo de instrumento",TRUE))} | G100: {=IF(A100="","",IFERROR(_FV(B100,"Sector"),"N/A"))}

Sheet Holdings
A1: Ticker | B1: Shares Owned | C1: Current Price | D1: Market Value | E1: Sector | F1: Net Invested | G1: Avg Cost | H1: Remaining Cost Basis | I1: Realized Gain/Loss | J1: Unrealized Gain/Loss | K1: Total Gain/Loss | L1: Return %
A2: {=_xlfn.UNIQUE(Transactions[Ticker])} -> AAPL | B2: =SUMIFS(Transactions[Shares],Transactions[Ticker],Holdings!$A2,Transactions[Action],"Buy")-SUMIFS(Transactions[Shares],Transactions[Ticker],Holdings!$A2,Transactions[Action],"Sell") -> 7 | C2: =IF(Holdings!A2="","",_xlfn.XLOOKUP(Holdings!$A2,Prices!$A$2:$A$100, Prices!$B$2:$B$100)) -> 280.14 | D2: =Holdings!$B2*Holdings!$C2 -> 1960.98 | E2: =IF(A2="","",_xlfn.XLOOKUP(Holdings!$A2, Asset_Info!$A$2:$A$100,Asset_Info!$D$2:$D$100)) -> Technology | F2: =SUMIFS(Transactions[Total], Transactions[Ticker], Holdings!$A2) -> 1280 | G2: =IF(A2="","",IFERROR(SUMIFS(Transactions[Total],Transactions[Ticker],A2,Transactions[Action],"Buy")/SUMIFS(Transactions[Shares],Transactions[Ticker],A2,Transactions[Action],"Buy"),0)) -> 182.85714 | H2: =IFERROR(B2*G2,"") -> 1280 | I2: =IFERROR(SUMIFS(Transactions[Total],Transactions[Ticker],A2,Transactions[Action],"Sell")*-1-SUMIFS(Transactions[Shares],Transactions[Ticker],A2,Transactions[Action],"Sell")*G2,"") -> 0 | J2: =IFERROR(D2-H2,"") -> 680.98 | K2: =IFERROR(I2+J2,"") -> 680.98 | L2: =IF(A2="","",IFERROR(K2/(H2+SUMIFS(Transactions[Shares],Transactions[Ticker],A2,Transactions[Action],"Sell")*G2),0)) -> 0.53201562
A3: MSFT | B3: =SUMIFS(Transactions[Shares],Transactions[Ticker],Holdings!$A3,Transactions[Action],"Buy")-SUMIFS(Transactions[Shares],Transactions[Ticker],Holdings!$A3,Transactions[Action],"Sell") -> 3 | C3: =IF(Holdings!A3="","",_xlfn.XLOOKUP(Holdings!$A3,Prices!$A$2:$A$100, Prices!$B$2:$B$100)) -> 414.44 | D3: =Holdings!$B3*Holdings!$C3 -> 1243.32 | E3: =IF(A3="","",_xlfn.XLOOKUP(Holdings!$A3, Asset_Info!$A$2:$A$100,Asset_Info!$D$2:$D$100)) -> Technology | F3: =SUMIFS(Transactions[Total], Transactions[Ticker], Holdings!$A3) -> 900 | G3: =IF(A3="","",IFERROR(SUMIFS(Transactions[Total],Transactions[Ticker],A3,Transactions[Action],"Buy")/SUMIFS(Transactions[Shares],Transactions[Ticker],A3,Transactions[Action],"Buy"),0)) -> 300 | H3: =IFERROR(B3*G3,"") -> 900 | I3: =IFERROR(SUMIFS(Transactions[Total],Transactions[Ticker],A3,Transactions[Action],"Sell")*-1-SUMIFS(Transactions[Shares],Transactions[Ticker],A3,Transactions[Action],"Sell")*G3,"") -> 0 | J3: =IFERROR(D3-H3,"") -> 343.32 | K3: =IFERROR(I3+J3,"") -> 343.32 | L3: =IF(A3="","",IFERROR(K3/(H3+SUMIFS(Transactions[Shares],Transactions[Ticker],A3,Transactions[Action],"Sell")*G3),0)) -> 0.38146667
A4: SPY | B4: =SUMIFS(Transactions[Shares],Transactions[Ticker],Holdings!$A4,Transactions[Action],"Buy")-SUMIFS(Transactions[Shares],Transactions[Ticker],Holdings!$A4,Transactions[Action],"Sell") -> 2 | C4: =IF(Holdings!A4="","",_xlfn.XLOOKUP(Holdings!$A4,Prices!$A$2:$A$100, Prices!$B$2:$B$100)) -> 720.65 | D4: =Holdings!$B4*Holdings!$C4 -> 1441.3 | E4: =IF(A4="","",_xlfn.XLOOKUP(Holdings!$A4, Asset_Info!$A$2:$A$100,Asset_Info!$D$2:$D$100)) -> Broad Market | F4: =SUMIFS(Transactions[Total], Transactions[Ticker], Holdings!$A4) -> 1000 | G4: =IF(A4="","",IFERROR(SUMIFS(Transactions[Total],Transactions[Ticker],A4,Transactions[Action],"Buy")/SUMIFS(Transactions[Shares],Transactions[Ticker],A4,Transactions[Action],"Buy"),0)) -> 500 | H4: =IFERROR(B4*G4,"") -> 1000 | I4: =IFERROR(SUMIFS(Transactions[Total],Transactions[Ticker],A4,Transactions[Action],"Sell")*-1-SUMIFS(Transactions[Shares],Transactions[Ticker],A4,Transactions[Action],"Sell")*G4,"") -> 0 | J4: =IFERROR(D4-H4,"") -> 441.3 | K4: =IFERROR(I4+J4,"") -> 441.3 | L4: =IF(A4="","",IFERROR(K4/(H4+SUMIFS(Transactions[Shares],Transactions[Ticker],A4,Transactions[Action],"Sell")*G4),0)) -> 0.4413
A5: NVDA | B5: =SUMIFS(Transactions[Shares],Transactions[Ticker],Holdings!$A5,Transactions[Action],"Buy")-SUMIFS(Transactions[Shares],Transactions[Ticker],Holdings!$A5,Transactions[Action],"Sell") -> 6 | C5: =IF(Holdings!A5="","",_xlfn.XLOOKUP(Holdings!$A5,Prices!$A$2:$A$100, Prices!$B$2:$B$100)) -> 198.45 | D5: =Holdings!$B5*Holdings!$C5 -> 1190.7 | E5: =IF(A5="","",_xlfn.XLOOKUP(Holdings!$A5, Asset_Info!$A$2:$A$100,Asset_Info!$D$2:$D$100)) -> Technology | F5: =SUMIFS(Transactions[Total], Transactions[Ticker], Holdings!$A5) -> 260 | G5: =IF(A5="","",IFERROR(SUMIFS(Transactions[Total],Transactions[Ticker],A5,Transactions[Action],"Buy")/SUMIFS(Transactions[Shares],Transactions[Ticker],A5,Transactions[Action],"Buy"),0)) -> 50 | H5: =IFERROR(B5*G5,"") -> 300 | I5: =IFERROR(SUMIFS(Transactions[Total],Transactions[Ticker],A5,Transactions[Action],"Sell")*-1-SUMIFS(Transactions[Shares],Transactions[Ticker],A5,Transactions[Action],"Sell")*G5,"") -> 40 | J5: =IFERROR(D5-H5,"") -> 890.7 | K5: =IFERROR(I5+J5,"") -> 930.7 | L5: =IF(A5="","",IFERROR(K5/(H5+SUMIFS(Transactions[Shares],Transactions[Ticker],A5,Transactions[Action],"Sell")*G5),0)) -> 1.8614
A6: GLD | B6: =SUMIFS(Transactions[Shares],Transactions[Ticker],Holdings!$A6,Transactions[Action],"Buy")-SUMIFS(Transactions[Shares],Transactions[Ticker],Holdings!$A6,Transactions[Action],"Sell") -> 3 | C6: =IF(Holdings!A6="","",_xlfn.XLOOKUP(Holdings!$A6,Prices!$A$2:$A$100, Prices!$B$2:$B$100)) -> 423.18 | D6: =Holdings!$B6*Holdings!$C6 -> 1269.54 | E6: =IF(A6="","",_xlfn.XLOOKUP(Holdings!$A6, Asset_Info!$A$2:$A$100,Asset_Info!$D$2:$D$100)) -> Commodities | F6: =SUMIFS(Transactions[Total], Transactions[Ticker], Holdings!$A6) -> 600 | G6: =IF(A6="","",IFERROR(SUMIFS(Transactions[Total],Transactions[Ticker],A6,Transactions[Action],"Buy")/SUMIFS(Transactions[Shares],Transactions[Ticker],A6,Transactions[Action],"Buy"),0)) -> 200 | H6: =IFERROR(B6*G6,"") -> 600 | I6: =IFERROR(SUMIFS(Transactions[Total],Transactions[Ticker],A6,Transactions[Action],"Sell")*-1-SUMIFS(Transactions[Shares],Transactions[Ticker],A6,Transactions[Action],"Sell")*G6,"") -> 0 | J6: =IFERROR(D6-H6,"") -> 669.54 | K6: =IFERROR(I6+J6,"") -> 669.54 | L6: =IF(A6="","",IFERROR(K6/(H6+SUMIFS(Transactions[Shares],Transactions[Ticker],A6,Transactions[Action],"Sell")*G6),0)) -> 1.1159
A7: JPM | B7: =SUMIFS(Transactions[Shares],Transactions[Ticker],Holdings!$A7,Transactions[Action],"Buy")-SUMIFS(Transactions[Shares],Transactions[Ticker],Holdings!$A7,Transactions[Action],"Sell") -> 20 | C7: =IF(Holdings!A7="","",_xlfn.XLOOKUP(Holdings!$A7,Prices!$A$2:$A$100, Prices!$B$2:$B$100)) -> 312.47 | D7: =Holdings!$B7*Holdings!$C7 -> 6249.4 | E7: =IF(A7="","",_xlfn.XLOOKUP(Holdings!$A7, Asset_Info!$A$2:$A$100,Asset_Info!$D$2:$D$100)) -> Finance | F7: =SUMIFS(Transactions[Total], Transactions[Ticker], Holdings!$A7) -> 9600 | G7: =IF(A7="","",IFERROR(SUMIFS(Transactions[Total],Transactions[Ticker],A7,Transactions[Action],"Buy")/SUMIFS(Transactions[Shares],Transactions[Ticker],A7,Transactions[Action],"Buy"),0)) -> 480 | H7: =IFERROR(B7*G7,"") -> 9600 | I7: =IFERROR(SUMIFS(Transactions[Total],Transactions[Ticker],A7,Transactions[Action],"Sell")*-1-SUMIFS(Transactions[Shares],Transactions[Ticker],A7,Transactions[Action],"Sell")*G7,"") -> 0 | J7: =IFERROR(D7-H7,"") -> -3350.6 | K7: =IFERROR(I7+J7,"") -> -3350.6 | L7: =IF(A7="","",IFERROR(K7/(H7+SUMIFS(Transactions[Shares],Transactions[Ticker],A7,Transactions[Action],"Sell")*G7),0)) -> -0.34902083
A8: AMZN | B8: =IF(Holdings!A8="","",SUMIFS(Transactions[Shares],Transactions[Ticker],Holdings!$A8,Transactions[Action],"Buy")-SUMIFS(Transactions[Shares],Transactions[Ticker],Holdings!$A8,Transactions[Action],"Sell")) -> 50 | C8: =IF(Holdings!A8="","",_xlfn.XLOOKUP(Holdings!$A8,Prices!$A$2:$A$100, Prices!$B$2:$B$100)) -> 268.26 | D8: =IF(Holdings!B8="","",Holdings!$B8*Holdings!$C8) -> 13413 | E8: =IF(A8="","",_xlfn.XLOOKUP(Holdings!$A8, Asset_Info!$A$2:$A$100,Asset_Info!$D$2:$D$100)) -> Retail | F8: =IF(Holdings!A8="","",SUMIFS(Transactions[Total], Transactions[Ticker], Holdings!$A8)) -> 10000 | G8: =IF(A8="","",IFERROR(SUMIFS(Transactions[Total],Transactions[Ticker],A8,Transactions[Action],"Buy")/SUMIFS(Transactions[Shares],Transactions[Ticker],A8,Transactions[Action],"Buy"),0)) -> 200 | H8: =IFERROR(B8*G8,"") -> 10000 | I8: =IFERROR(SUMIFS(Transactions[Total],Transactions[Ticker],A8,Transactions[Action],"Sell")*-1-SUMIFS(Transactions[Shares],Transactions[Ticker],A8,Transactions[Action],"Sell")*G8,"") -> 0 | J8: =IFERROR(D8-H8,"") -> 3413 | K8: =IFERROR(I8+J8,"") -> 3413 | L8: =IF(A8="","",IFERROR(K8/(H8+SUMIFS(Transactions[Shares],Transactions[Ticker],A8,Transactions[Action],"Sell")*G8),0)) -> 0.3413
A9: GOOGL | B9: =IF(Holdings!A9="","",SUMIFS(Transactions[Shares],Transactions[Ticker],Holdings!$A9,Transactions[Action],"Buy")-SUMIFS(Transactions[Shares],Transactions[Ticker],Holdings!$A9,Transactions[Action],"Sell")) -> 100 | C9: =IF(Holdings!A9="","",_xlfn.XLOOKUP(Holdings!$A9,Prices!$A$2:$A$100, Prices!$B$2:$B$100)) -> 385.69 | D9: =IF(Holdings!B9="","",Holdings!$B9*Holdings!$C9) -> 38569 | E9: =IF(A9="","",_xlfn.XLOOKUP(Holdings!$A9, Asset_Info!$A$2:$A$100,Asset_Info!$D$2:$D$100)) -> Technology | F9: =IF(Holdings!A9="","",SUMIFS(Transactions[Total], Transactions[Ticker], Holdings!$A9)) -> 30000 | G9: =IF(A9="","",IFERROR(SUMIFS(Transactions[Total],Transactions[Ticker],A9,Transactions[Action],"Buy")/SUMIFS(Transactions[Shares],Transactions[Ticker],A9,Transactions[Action],"Buy"),0)) -> 300 | H9: =IFERROR(B9*G9,"") -> 30000 | I9: =IFERROR(SUMIFS(Transactions[Total],Transactions[Ticker],A9,Transactions[Action],"Sell")*-1-SUMIFS(Transactions[Shares],Transactions[Ticker],A9,Transactions[Action],"Sell")*G9,"") -> 0 | J9: =IFERROR(D9-H9,"") -> 8569 | K9: =IFERROR(I9+J9,"") -> 8569 | L9: =IF(A9="","",IFERROR(K9/(H9+SUMIFS(Transactions[Shares],Transactions[Ticker],A9,Transactions[Action],"Sell")*G9),0)) -> 0.28563333
B10: =IF(Holdings!A10="","",SUMIFS(Transactions[Shares],Transactions[Ticker],Holdings!$A10,Transactions[Action],"Buy")-SUMIFS(Transactions[Shares],Transactions[Ticker],Holdings!$A10,Transactions[Action],"Sell")) | C10: =IF(Holdings!A10="","",_xlfn.XLOOKUP(Holdings!$A10,Prices!$A$2:$A$100, Prices!$B$2:$B$100)) | D10: =IF(Holdings!B10="","",Holdings!$B10*Holdings!$C10) | E10: =IF(A10="","",_xlfn.XLOOKUP(Holdings!$A10, Asset_Info!$A$2:$A$100,Asset_Info!$D$2:$D$100)) | F10: =IF(Holdings!A10="","",SUMIFS(Transactions[Total], Transactions[Ticker], Holdings!$A10)) | G10: =IF(A10="","",IFERROR(SUMIFS(Transactions[Total],Transactions[Ticker],A10,Transactions[Action],"Buy")/SUMIFS(Transactions[Shares],Transactions[Ticker],A10,Transactions[Action],"Buy"),0)) | H10: =IFERROR(B10*G10,"") | I10: =IFERROR(SUMIFS(Transactions[Total],Transactions[Ticker],A10,Transactions[Action],"Sell")*-1-SUMIFS(Transactions[Shares],Transactions[Ticker],A10,Transactions[Action],"Sell")*G10,"") | J10: =IFERROR(D10-H10,"") | K10: =IFERROR(I10+J10,"") | L10: =IF(A10="","",IFERROR(K10/(H10+SUMIFS(Transactions[Shares],Transactions[Ticker],A10,Transactions[Action],"Sell")*G10),0))
B11: =IF(Holdings!A11="","",SUMIFS(Transactions[Shares],Transactions[Ticker],Holdings!$A11,Transactions[Action],"Buy")-SUMIFS(Transactions[Shares],Transactions[Ticker],Holdings!$A11,Transactions[Action],"Sell")) | C11: =IF(Holdings!A11="","",_xlfn.XLOOKUP(Holdings!$A11,Prices!$A$2:$A$100, Prices!$B$2:$B$100)) | D11: =IF(Holdings!B11="","",Holdings!$B11*Holdings!$C11) | E11: =IF(A11="","",_xlfn.XLOOKUP(Holdings!$A11, Asset_Info!$A$2:$A$100,Asset_Info!$D$2:$D$100)) | F11: =IF(Holdings!A11="","",SUMIFS(Transactions[Total], Transactions[Ticker], Holdings!$A11)) | G11: =IF(A11="","",IFERROR(SUMIFS(Transactions[Total],Transactions[Ticker],A11,Transactions[Action],"Buy")/SUMIFS(Transactions[Shares],Transactions[Ticker],A11,Transactions[Action],"Buy"),0)) | H11: =IFERROR(B11*G11,"") | I11: =IFERROR(SUMIFS(Transactions[Total],Transactions[Ticker],A11,Transactions[Action],"Sell")*-1-SUMIFS(Transactions[Shares],Transactions[Ticker],A11,Transactions[Action],"Sell")*G11,"") | J11: =IFERROR(D11-H11,"") | K11: =IFERROR(I11+J11,"") | L11: =IF(A11="","",IFERROR(K11/(H11+SUMIFS(Transactions[Shares],Transactions[Ticker],A11,Transactions[Action],"Sell")*G11),0))
B12: =IF(Holdings!A12="","",SUMIFS(Transactions[Shares],Transactions[Ticker],Holdings!$A12,Transactions[Action],"Buy")-SUMIFS(Transactions[Shares],Transactions[Ticker],Holdings!$A12,Transactions[Action],"Sell")) | C12: =IF(Holdings!A12="","",_xlfn.XLOOKUP(Holdings!$A12,Prices!$A$2:$A$100, Prices!$B$2:$B$100)) | D12: =IF(Holdings!B12="","",Holdings!$B12*Holdings!$C12) | E12: =IF(A12="","",_xlfn.XLOOKUP(Holdings!$A12, Asset_Info!$A$2:$A$100,Asset_Info!$D$2:$D$100)) | F12: =IF(Holdings!A12="","",SUMIFS(Transactions[Total], Transactions[Ticker], Holdings!$A12)) | G12: =IF(A12="","",IFERROR(SUMIFS(Transactions[Total],Transactions[Ticker],A12,Transactions[Action],"Buy")/SUMIFS(Transactions[Shares],Transactions[Ticker],A12,Transactions[Action],"Buy"),0)) | H12: =IFERROR(B12*G12,"") | I12: =IFERROR(SUMIFS(Transactions[Total],Transactions[Ticker],A12,Transactions[Action],"Sell")*-1-SUMIFS(Transactions[Shares],Transactions[Ticker],A12,Transactions[Action],"Sell")*G12,"") | J12: =IFERROR(D12-H12,"") | K12: =IFERROR(I12+J12,"") | L12: =IF(A12="","",IFERROR(K12/(H12+SUMIFS(Transactions[Shares],Transactions[Ticker],A12,Transactions[Action],"Sell")*G12),0))
B13: =IF(Holdings!A13="","",SUMIFS(Transactions[Shares],Transactions[Ticker],Holdings!$A13,Transactions[Action],"Buy")-SUMIFS(Transactions[Shares],Transactions[Ticker],Holdings!$A13,Transactions[Action],"Sell")) | C13: =IF(Holdings!A13="","",_xlfn.XLOOKUP(Holdings!$A13,Prices!$A$2:$A$100, Prices!$B$2:$B$100)) | D13: =IF(Holdings!B13="","",Holdings!$B13*Holdings!$C13) | E13: =IF(A13="","",_xlfn.XLOOKUP(Holdings!$A13, Asset_Info!$A$2:$A$100,Asset_Info!$D$2:$D$100)) | F13: =IF(Holdings!A13="","",SUMIFS(Transactions[Total], Transactions[Ticker], Holdings!$A13)) | G13: =IF(A13="","",IFERROR(SUMIFS(Transactions[Total],Transactions[Ticker],A13,Transactions[Action],"Buy")/SUMIFS(Transactions[Shares],Transactions[Ticker],A13,Transactions[Action],"Buy"),0)) | H13: =IFERROR(B13*G13,"") | I13: =IFERROR(SUMIFS(Transactions[Total],Transactions[Ticker],A13,Transactions[Action],"Sell")*-1-SUMIFS(Transactions[Shares],Transactions[Ticker],A13,Transactions[Action],"Sell")*G13,"") | J13: =IFERROR(D13-H13,"") | K13: =IFERROR(I13+J13,"") | L13: =IF(A13="","",IFERROR(K13/(H13+SUMIFS(Transactions[Shares],Transactions[Ticker],A13,Transactions[Action],"Sell")*G13),0))
B14: =IF(Holdings!A14="","",SUMIFS(Transactions[Shares],Transactions[Ticker],Holdings!$A14,Transactions[Action],"Buy")-SUMIFS(Transactions[Shares],Transactions[Ticker],Holdings!$A14,Transactions[Action],"Sell")) | C14: =IF(Holdings!A14="","",_xlfn.XLOOKUP(Holdings!$A14,Prices!$A$2:$A$100, Prices!$B$2:$B$100)) | D14: =IF(Holdings!B14="","",Holdings!$B14*Holdings!$C14) | E14: =IF(A14="","",_xlfn.XLOOKUP(Holdings!$A14, Asset_Info!$A$2:$A$100,Asset_Info!$D$2:$D$100)) | F14: =IF(Holdings!A14="","",SUMIFS(Transactions[Total], Transactions[Ticker], Holdings!$A14)) | G14: =IF(A14="","",IFERROR(SUMIFS(Transactions[Total],Transactions[Ticker],A14,Transactions[Action],"Buy")/SUMIFS(Transactions[Shares],Transactions[Ticker],A14,Transactions[Action],"Buy"),0)) | H14: =IFERROR(B14*G14,"") | I14: =IFERROR(SUMIFS(Transactions[Total],Transactions[Ticker],A14,Transactions[Action],"Sell")*-1-SUMIFS(Transactions[Shares],Transactions[Ticker],A14,Transactions[Action],"Sell")*G14,"") | J14: =IFERROR(D14-H14,"") | K14: =IFERROR(I14+J14,"") | L14: =IF(A14="","",IFERROR(K14/(H14+SUMIFS(Transactions[Shares],Transactions[Ticker],A14,Transactions[Action],"Sell")*G14),0))
B15: =IF(Holdings!A15="","",SUMIFS(Transactions[Shares],Transactions[Ticker],Holdings!$A15,Transactions[Action],"Buy")-SUMIFS(Transactions[Shares],Transactions[Ticker],Holdings!$A15,Transactions[Action],"Sell")) | C15: =IF(Holdings!A15="","",_xlfn.XLOOKUP(Holdings!$A15,Prices!$A$2:$A$100, Prices!$B$2:$B$100)) | D15: =IF(Holdings!B15="","",Holdings!$B15*Holdings!$C15) | E15: =IF(A15="","",_xlfn.XLOOKUP(Holdings!$A15, Asset_Info!$A$2:$A$100,Asset_Info!$D$2:$D$100)) | F15: =IF(Holdings!A15="","",SUMIFS(Transactions[Total], Transactions[Ticker], Holdings!$A15)) | G15: =IF(A15="","",IFERROR(SUMIFS(Transactions[Total],Transactions[Ticker],A15,Transactions[Action],"Buy")/SUMIFS(Transactions[Shares],Transactions[Ticker],A15,Transactions[Action],"Buy"),0)) | H15: =IFERROR(B15*G15,"") | I15: =IFERROR(SUMIFS(Transactions[Total],Transactions[Ticker],A15,Transactions[Action],"Sell")*-1-SUMIFS(Transactions[Shares],Transactions[Ticker],A15,Transactions[Action],"Sell")*G15,"") | J15: =IFERROR(D15-H15,"") | K15: =IFERROR(I15+J15,"") | L15: =IF(A15="","",IFERROR(K15/(H15+SUMIFS(Transactions[Shares],Transactions[Ticker],A15,Transactions[Action],"Sell")*G15),0))
B16: =IF(Holdings!A16="","",SUMIFS(Transactions[Shares],Transactions[Ticker],Holdings!$A16,Transactions[Action],"Buy")-SUMIFS(Transactions[Shares],Transactions[Ticker],Holdings!$A16,Transactions[Action],"Sell")) | C16: =IF(Holdings!A16="","",_xlfn.XLOOKUP(Holdings!$A16,Prices!$A$2:$A$100, Prices!$B$2:$B$100)) | D16: =IF(Holdings!B16="","",Holdings!$B16*Holdings!$C16) | E16: =IF(A16="","",_xlfn.XLOOKUP(Holdings!$A16, Asset_Info!$A$2:$A$100,Asset_Info!$D$2:$D$100)) | F16: =IF(Holdings!A16="","",SUMIFS(Transactions[Total], Transactions[Ticker], Holdings!$A16)) | G16: =IF(A16="","",IFERROR(SUMIFS(Transactions[Total],Transactions[Ticker],A16,Transactions[Action],"Buy")/SUMIFS(Transactions[Shares],Transactions[Ticker],A16,Transactions[Action],"Buy"),0)) | H16: =IFERROR(B16*G16,"") | I16: =IFERROR(SUMIFS(Transactions[Total],Transactions[Ticker],A16,Transactions[Action],"Sell")*-1-SUMIFS(Transactions[Shares],Transactions[Ticker],A16,Transactions[Action],"Sell")*G16,"") | J16: =IFERROR(D16-H16,"") | K16: =IFERROR(I16+J16,"") | L16: =IF(A16="","",IFERROR(K16/(H16+SUMIFS(Transactions[Shares],Transactions[Ticker],A16,Transactions[Action],"Sell")*G16),0))
B17: =IF(Holdings!A17="","",SUMIFS(Transactions[Shares],Transactions[Ticker],Holdings!$A17,Transactions[Action],"Buy")-SUMIFS(Transactions[Shares],Transactions[Ticker],Holdings!$A17,Transactions[Action],"Sell")) | C17: =IF(Holdings!A17="","",_xlfn.XLOOKUP(Holdings!$A17,Prices!$A$2:$A$100, Prices!$B$2:$B$100)) | D17: =IF(Holdings!B17="","",Holdings!$B17*Holdings!$C17) | E17: =IF(A17="","",_xlfn.XLOOKUP(Holdings!$A17, Asset_Info!$A$2:$A$100,Asset_Info!$D$2:$D$100)) | F17: =IF(Holdings!A17="","",SUMIFS(Transactions[Total], Transactions[Ticker], Holdings!$A17)) | G17: =IF(A17="","",IFERROR(SUMIFS(Transactions[Total],Transactions[Ticker],A17,Transactions[Action],"Buy")/SUMIFS(Transactions[Shares],Transactions[Ticker],A17,Transactions[Action],"Buy"),0)) | H17: =IFERROR(B17*G17,"") | I17: =IFERROR(SUMIFS(Transactions[Total],Transactions[Ticker],A17,Transactions[Action],"Sell")*-1-SUMIFS(Transactions[Shares],Transactions[Ticker],A17,Transactions[Action],"Sell")*G17,"") | J17: =IFERROR(D17-H17,"") | K17: =IFERROR(I17+J17,"") | L17: =IF(A17="","",IFERROR(K17/(H17+SUMIFS(Transactions[Shares],Transactions[Ticker],A17,Transactions[Action],"Sell")*G17),0))
B18: =IF(Holdings!A18="","",SUMIFS(Transactions[Shares],Transactions[Ticker],Holdings!$A18,Transactions[Action],"Buy")-SUMIFS(Transactions[Shares],Transactions[Ticker],Holdings!$A18,Transactions[Action],"Sell")) | C18: =IF(Holdings!A18="","",_xlfn.XLOOKUP(Holdings!$A18,Prices!$A$2:$A$100, Prices!$B$2:$B$100)) | D18: =IF(Holdings!B18="","",Holdings!$B18*Holdings!$C18) | E18: =IF(A18="","",_xlfn.XLOOKUP(Holdings!$A18, Asset_Info!$A$2:$A$100,Asset_Info!$D$2:$D$100)) | F18: =IF(Holdings!A18="","",SUMIFS(Transactions[Total], Transactions[Ticker], Holdings!$A18)) | G18: =IF(A18="","",IFERROR(SUMIFS(Transactions[Total],Transactions[Ticker],A18,Transactions[Action],"Buy")/SUMIFS(Transactions[Shares],Transactions[Ticker],A18,Transactions[Action],"Buy"),0)) | H18: =IFERROR(B18*G18,"") | I18: =IFERROR(SUMIFS(Transactions[Total],Transactions[Ticker],A18,Transactions[Action],"Sell")*-1-SUMIFS(Transactions[Shares],Transactions[Ticker],A18,Transactions[Action],"Sell")*G18,"") | J18: =IFERROR(D18-H18,"") | K18: =IFERROR(I18+J18,"") | L18: =IF(A18="","",IFERROR(K18/(H18+SUMIFS(Transactions[Shares],Transactions[Ticker],A18,Transactions[Action],"Sell")*G18),0))
B19: =IF(Holdings!A19="","",SUMIFS(Transactions[Shares],Transactions[Ticker],Holdings!$A19,Transactions[Action],"Buy")-SUMIFS(Transactions[Shares],Transactions[Ticker],Holdings!$A19,Transactions[Action],"Sell")) | C19: =IF(Holdings!A19="","",_xlfn.XLOOKUP(Holdings!$A19,Prices!$A$2:$A$100, Prices!$B$2:$B$100)) | D19: =IF(Holdings!B19="","",Holdings!$B19*Holdings!$C19) | E19: =IF(A19="","",_xlfn.XLOOKUP(Holdings!$A19, Asset_Info!$A$2:$A$100,Asset_Info!$D$2:$D$100)) | F19: =IF(Holdings!A19="","",SUMIFS(Transactions[Total], Transactions[Ticker], Holdings!$A19)) | G19: =IF(A19="","",IFERROR(SUMIFS(Transactions[Total],Transactions[Ticker],A19,Transactions[Action],"Buy")/SUMIFS(Transactions[Shares],Transactions[Ticker],A19,Transactions[Action],"Buy"),0)) | H19: =IFERROR(B19*G19,"") | I19: =IFERROR(SUMIFS(Transactions[Total],Transactions[Ticker],A19,Transactions[Action],"Sell")*-1-SUMIFS(Transactions[Shares],Transactions[Ticker],A19,Transactions[Action],"Sell")*G19,"") | J19: =IFERROR(D19-H19,"") | K19: =IFERROR(I19+J19,"") | L19: =IF(A19="","",IFERROR(K19/(H19+SUMIFS(Transactions[Shares],Transactions[Ticker],A19,Transactions[Action],"Sell")*G19),0))
B20: =IF(Holdings!A20="","",SUMIFS(Transactions[Shares],Transactions[Ticker],Holdings!$A20,Transactions[Action],"Buy")-SUMIFS(Transactions[Shares],Transactions[Ticker],Holdings!$A20,Transactions[Action],"Sell")) | C20: =IF(Holdings!A20="","",_xlfn.XLOOKUP(Holdings!$A20,Prices!$A$2:$A$100, Prices!$B$2:$B$100)) | D20: =IF(Holdings!B20="","",Holdings!$B20*Holdings!$C20) | E20: =IF(A20="","",_xlfn.XLOOKUP(Holdings!$A20, Asset_Info!$A$2:$A$100,Asset_Info!$D$2:$D$100)) | F20: =IF(Holdings!A20="","",SUMIFS(Transactions[Total], Transactions[Ticker], Holdings!$A20)) | G20: =IF(A20="","",IFERROR(SUMIFS(Transactions[Total],Transactions[Ticker],A20,Transactions[Action],"Buy")/SUMIFS(Transactions[Shares],Transactions[Ticker],A20,Transactions[Action],"Buy"),0)) | H20: =IFERROR(B20*G20,"") | I20: =IFERROR(SUMIFS(Transactions[Total],Transactions[Ticker],A20,Transactions[Action],"Sell")*-1-SUMIFS(Transactions[Shares],Transactions[Ticker],A20,Transactions[Action],"Sell")*G20,"") | J20: =IFERROR(D20-H20,"") | K20: =IFERROR(I20+J20,"") | L20: =IF(A20="","",IFERROR(K20/(H20+SUMIFS(Transactions[Shares],Transactions[Ticker],A20,Transactions[Action],"Sell")*G20),0))
B21: =IF(Holdings!A21="","",SUMIFS(Transactions[Shares],Transactions[Ticker],Holdings!$A21,Transactions[Action],"Buy")-SUMIFS(Transactions[Shares],Transactions[Ticker],Holdings!$A21,Transactions[Action],"Sell")) | C21: =IF(Holdings!A21="","",_xlfn.XLOOKUP(Holdings!$A21,Prices!$A$2:$A$100, Prices!$B$2:$B$100)) | D21: =IF(Holdings!B21="","",Holdings!$B21*Holdings!$C21) | E21: =IF(A21="","",_xlfn.XLOOKUP(Holdings!$A21, Asset_Info!$A$2:$A$100,Asset_Info!$D$2:$D$100)) | F21: =IF(Holdings!A21="","",SUMIFS(Transactions[Total], Transactions[Ticker], Holdings!$A21)) | G21: =IF(A21="","",IFERROR(SUMIFS(Transactions[Total],Transactions[Ticker],A21,Transactions[Action],"Buy")/SUMIFS(Transactions[Shares],Transactions[Ticker],A21,Transactions[Action],"Buy"),0)) | H21: =IFERROR(B21*G21,"") | I21: =IFERROR(SUMIFS(Transactions[Total],Transactions[Ticker],A21,Transactions[Action],"Sell")*-1-SUMIFS(Transactions[Shares],Transactions[Ticker],A21,Transactions[Action],"Sell")*G21,"") | J21: =IFERROR(D21-H21,"") | K21: =IFERROR(I21+J21,"") | L21: =IF(A21="","",IFERROR(K21/(H21+SUMIFS(Transactions[Shares],Transactions[Ticker],A21,Transactions[Action],"Sell")*G21),0))
... B100: =IF(Holdings!A100="","",SUMIFS(Transactions[Shares],Transactions[Ticker],Holdings!$A100,Transactions[Action],"Buy")-SUMIFS(Transactions[Shares],Transactions[Ticker],Holdings!$A100,Transactions[Action],"Sell")) | C100: =IF(Holdings!A100="","",_xlfn.XLOOKUP(Holdings!$A100,Prices!$A$2:$A$100, Prices!$B$2:$B$100)) | D100: =IF(Holdings!B100="","",Holdings!$B100*Holdings!$C100) | E100: =IF(A100="","",_xlfn.XLOOKUP(Holdings!$A100, Asset_Info!$A$2:$A$100,Asset_Info!$D$2:$D$100)) | F100: =IF(Holdings!A100="","",SUMIFS(Transactions[Total], Transactions[Ticker], Holdings!$A100)) | G100: =IF(A100="","",IFERROR(SUMIFS(Transactions[Total],Transactions[Ticker],A100,Transactions[Action],"Buy")/SUMIFS(Transactions[Shares],Transactions[Ticker],A100,Transactions[Action],"Buy"),0)) | H100: =IFERROR(B100*G100,"") | I100: =IFERROR(SUMIFS(Transactions[Total],Transactions[Ticker],A100,Transactions[Action],"Sell")*-1-SUMIFS(Transactions[Shares],Transactions[Ticker],A100,Transactions[Action],"Sell")*G100,"") | J100: =IFERROR(D100-H100,"") | K100: =IFERROR(I100+J100,"") | L100: =IF(A100="","",IFERROR(K100/(H100+SUMIFS(Transactions[Shares],Transactions[Ticker],A100,Transactions[Action],"Sell")*G100),0))

Sheet Checks
A1: Ticker | B1: In Asset_Info? | C1: In Prices? | D1: Shares OK? | E1: Price OK?
A2: {=_xlfn.UNIQUE(Transactions[Ticker])} -> AAPL | B2: =IF(A2="","",IF(COUNTIF(Asset_Info!$A$2:$A$100,A2)>0,"OK","Missing")) -> OK | C2: =IF(A2="","",IF(COUNTIF(Prices!$A$2:$A$100,A2)>0,"OK","Missing")) -> OK | D2: =IF(A2="","",IF(SUMIFS(Transactions[Shares],Transactions[Ticker],A2,Transactions[Action],"Buy")-SUMIFS(Transactions[Shares],Transactions[Ticker],A2,Transactions[Action],"Sell")>=0,"OK","Negative")) -> OK | E2: =IF(A2="","",IF(_xlfn.XLOOKUP(A2,Prices!$A:$A,Prices!$B:$B,"")>0,"OK","Missing Price")) -> OK
A3: MSFT | B3: =IF(A3="","",IF(COUNTIF(Asset_Info!$A$2:$A$100,A3)>0,"OK","Missing")) -> OK | C3: =IF(A3="","",IF(COUNTIF(Prices!$A$2:$A$100,A3)>0,"OK","Missing")) -> OK | D3: =IF(A3="","",IF(SUMIFS(Transactions[Shares],Transactions[Ticker],A3,Transactions[Action],"Buy")-SUMIFS(Transactions[Shares],Transactions[Ticker],A3,Transactions[Action],"Sell")>=0,"OK","Negative")) -> OK | E3: =IF(A3="","",IF(_xlfn.XLOOKUP(A3,Prices!$A:$A,Prices!$B:$B,"")>0,"OK","Missing Price")) -> OK
A4: SPY | B4: =IF(A4="","",IF(COUNTIF(Asset_Info!$A$2:$A$100,A4)>0,"OK","Missing")) -> OK | C4: =IF(A4="","",IF(COUNTIF(Prices!$A$2:$A$100,A4)>0,"OK","Missing")) -> OK | D4: =IF(A4="","",IF(SUMIFS(Transactions[Shares],Transactions[Ticker],A4,Transactions[Action],"Buy")-SUMIFS(Transactions[Shares],Transactions[Ticker],A4,Transactions[Action],"Sell")>=0,"OK","Negative")) -> OK | E4: =IF(A4="","",IF(_xlfn.XLOOKUP(A4,Prices!$A:$A,Prices!$B:$B,"")>0,"OK","Missing Price")) -> OK
A5: NVDA | B5: =IF(A5="","",IF(COUNTIF(Asset_Info!$A$2:$A$100,A5)>0,"OK","Missing")) -> OK | C5: =IF(A5="","",IF(COUNTIF(Prices!$A$2:$A$100,A5)>0,"OK","Missing")) -> OK | D5: =IF(A5="","",IF(SUMIFS(Transactions[Shares],Transactions[Ticker],A5,Transactions[Action],"Buy")-SUMIFS(Transactions[Shares],Transactions[Ticker],A5,Transactions[Action],"Sell")>=0,"OK","Negative")) -> OK | E5: =IF(A5="","",IF(_xlfn.XLOOKUP(A5,Prices!$A:$A,Prices!$B:$B,"")>0,"OK","Missing Price")) -> OK
A6: GLD | B6: =IF(A6="","",IF(COUNTIF(Asset_Info!$A$2:$A$100,A6)>0,"OK","Missing")) -> OK | C6: =IF(A6="","",IF(COUNTIF(Prices!$A$2:$A$100,A6)>0,"OK","Missing")) -> OK | D6: =IF(A6="","",IF(SUMIFS(Transactions[Shares],Transactions[Ticker],A6,Transactions[Action],"Buy")-SUMIFS(Transactions[Shares],Transactions[Ticker],A6,Transactions[Action],"Sell")>=0,"OK","Negative")) -> OK | E6: =IF(A6="","",IF(_xlfn.XLOOKUP(A6,Prices!$A:$A,Prices!$B:$B,"")>0,"OK","Missing Price")) -> OK
A7: JPM | B7: =IF(A7="","",IF(COUNTIF(Asset_Info!$A$2:$A$100,A7)>0,"OK","Missing")) -> OK | C7: =IF(A7="","",IF(COUNTIF(Prices!$A$2:$A$100,A7)>0,"OK","Missing")) -> OK | D7: =IF(A7="","",IF(SUMIFS(Transactions[Shares],Transactions[Ticker],A7,Transactions[Action],"Buy")-SUMIFS(Transactions[Shares],Transactions[Ticker],A7,Transactions[Action],"Sell")>=0,"OK","Negative")) -> OK | E7: =IF(A7="","",IF(_xlfn.XLOOKUP(A7,Prices!$A:$A,Prices!$B:$B,"")>0,"OK","Missing Price")) -> OK
A8: AMZN | B8: =IF(A8="","",IF(COUNTIF(Asset_Info!$A$2:$A$100,A8)>0,"OK","Missing")) -> OK | C8: =IF(A8="","",IF(COUNTIF(Prices!$A$2:$A$100,A8)>0,"OK","Missing")) -> OK | D8: =IF(A8="","",IF(SUMIFS(Transactions[Shares],Transactions[Ticker],A8,Transactions[Action],"Buy")-SUMIFS(Transactions[Shares],Transactions[Ticker],A8,Transactions[Action],"Sell")>=0,"OK","Negative")) -> OK | E8: =IF(A8="","",IF(_xlfn.XLOOKUP(A8,Prices!$A:$A,Prices!$B:$B,"")>0,"OK","Missing Price")) -> OK
A9: GOOGL | B9: =IF(A9="","",IF(COUNTIF(Asset_Info!$A$2:$A$100,A9)>0,"OK","Missing")) -> OK | C9: =IF(A9="","",IF(COUNTIF(Prices!$A$2:$A$100,A9)>0,"OK","Missing")) -> OK | D9: =IF(A9="","",IF(SUMIFS(Transactions[Shares],Transactions[Ticker],A9,Transactions[Action],"Buy")-SUMIFS(Transactions[Shares],Transactions[Ticker],A9,Transactions[Action],"Sell")>=0,"OK","Negative")) -> OK | E9: =IF(A9="","",IF(_xlfn.XLOOKUP(A9,Prices!$A:$A,Prices!$B:$B,"")>0,"OK","Missing Price")) -> OK
B10: =IF(A10="","",IF(COUNTIF(Asset_Info!$A$2:$A$100,A10)>0,"OK","Missing")) | C10: =IF(A10="","",IF(COUNTIF(Prices!$A$2:$A$100,A10)>0,"OK","Missing")) | D10: =IF(A10="","",IF(SUMIFS(Transactions[Shares],Transactions[Ticker],A10,Transactions[Action],"Buy")-SUMIFS(Transactions[Shares],Transactions[Ticker],A10,Transactions[Action],"Sell")>=0,"OK","Negative")) | E10: =IF(A10="","",IF(_xlfn.XLOOKUP(A10,Prices!$A:$A,Prices!$B:$B,"")>0,"OK","Missing Price"))
B11: =IF(A11="","",IF(COUNTIF(Asset_Info!$A$2:$A$100,A11)>0,"OK","Missing")) | C11: =IF(A11="","",IF(COUNTIF(Prices!$A$2:$A$100,A11)>0,"OK","Missing")) | D11: =IF(A11="","",IF(SUMIFS(Transactions[Shares],Transactions[Ticker],A11,Transactions[Action],"Buy")-SUMIFS(Transactions[Shares],Transactions[Ticker],A11,Transactions[Action],"Sell")>=0,"OK","Negative")) | E11: =IF(A11="","",IF(_xlfn.XLOOKUP(A11,Prices!$A:$A,Prices!$B:$B,"")>0,"OK","Missing Price"))
B12: =IF(A12="","",IF(COUNTIF(Asset_Info!$A$2:$A$100,A12)>0,"OK","Missing")) | C12: =IF(A12="","",IF(COUNTIF(Prices!$A$2:$A$100,A12)>0,"OK","Missing")) | D12: =IF(A12="","",IF(SUMIFS(Transactions[Shares],Transactions[Ticker],A12,Transactions[Action],"Buy")-SUMIFS(Transactions[Shares],Transactions[Ticker],A12,Transactions[Action],"Sell")>=0,"OK","Negative")) | E12: =IF(A12="","",IF(_xlfn.XLOOKUP(A12,Prices!$A:$A,Prices!$B:$B,"")>0,"OK","Missing Price"))
B13: =IF(A13="","",IF(COUNTIF(Asset_Info!$A$2:$A$100,A13)>0,"OK","Missing")) | C13: =IF(A13="","",IF(COUNTIF(Prices!$A$2:$A$100,A13)>0,"OK","Missing")) | D13: =IF(A13="","",IF(SUMIFS(Transactions[Shares],Transactions[Ticker],A13,Transactions[Action],"Buy")-SUMIFS(Transactions[Shares],Transactions[Ticker],A13,Transactions[Action],"Sell")>=0,"OK","Negative")) | E13: =IF(A13="","",IF(_xlfn.XLOOKUP(A13,Prices!$A:$A,Prices!$B:$B,"")>0,"OK","Missing Price"))
B14: =IF(A14="","",IF(COUNTIF(Asset_Info!$A$2:$A$100,A14)>0,"OK","Missing")) | C14: =IF(A14="","",IF(COUNTIF(Prices!$A$2:$A$100,A14)>0,"OK","Missing")) | D14: =IF(A14="","",IF(SUMIFS(Transactions[Shares],Transactions[Ticker],A14,Transactions[Action],"Buy")-SUMIFS(Transactions[Shares],Transactions[Ticker],A14,Transactions[Action],"Sell")>=0,"OK","Negative")) | E14: =IF(A14="","",IF(_xlfn.XLOOKUP(A14,Prices!$A:$A,Prices!$B:$B,"")>0,"OK","Missing Price"))
B15: =IF(A15="","",IF(COUNTIF(Asset_Info!$A$2:$A$100,A15)>0,"OK","Missing")) | C15: =IF(A15="","",IF(COUNTIF(Prices!$A$2:$A$100,A15)>0,"OK","Missing")) | D15: =IF(A15="","",IF(SUMIFS(Transactions[Shares],Transactions[Ticker],A15,Transactions[Action],"Buy")-SUMIFS(Transactions[Shares],Transactions[Ticker],A15,Transactions[Action],"Sell")>=0,"OK","Negative")) | E15: =IF(A15="","",IF(_xlfn.XLOOKUP(A15,Prices!$A:$A,Prices!$B:$B,"")>0,"OK","Missing Price"))
B16: =IF(A16="","",IF(COUNTIF(Asset_Info!$A$2:$A$100,A16)>0,"OK","Missing")) | C16: =IF(A16="","",IF(COUNTIF(Prices!$A$2:$A$100,A16)>0,"OK","Missing")) | D16: =IF(A16="","",IF(SUMIFS(Transactions[Shares],Transactions[Ticker],A16,Transactions[Action],"Buy")-SUMIFS(Transactions[Shares],Transactions[Ticker],A16,Transactions[Action],"Sell")>=0,"OK","Negative")) | E16: =IF(A16="","",IF(_xlfn.XLOOKUP(A16,Prices!$A:$A,Prices!$B:$B,"")>0,"OK","Missing Price"))
B17: =IF(A17="","",IF(COUNTIF(Asset_Info!$A$2:$A$100,A17)>0,"OK","Missing")) | C17: =IF(A17="","",IF(COUNTIF(Prices!$A$2:$A$100,A17)>0,"OK","Missing")) | D17: =IF(A17="","",IF(SUMIFS(Transactions[Shares],Transactions[Ticker],A17,Transactions[Action],"Buy")-SUMIFS(Transactions[Shares],Transactions[Ticker],A17,Transactions[Action],"Sell")>=0,"OK","Negative")) | E17: =IF(A17="","",IF(_xlfn.XLOOKUP(A17,Prices!$A:$A,Prices!$B:$B,"")>0,"OK","Missing Price"))
B18: =IF(A18="","",IF(COUNTIF(Asset_Info!$A$2:$A$100,A18)>0,"OK","Missing")) | C18: =IF(A18="","",IF(COUNTIF(Prices!$A$2:$A$100,A18)>0,"OK","Missing")) | D18: =IF(A18="","",IF(SUMIFS(Transactions[Shares],Transactions[Ticker],A18,Transactions[Action],"Buy")-SUMIFS(Transactions[Shares],Transactions[Ticker],A18,Transactions[Action],"Sell")>=0,"OK","Negative")) | E18: =IF(A18="","",IF(_xlfn.XLOOKUP(A18,Prices!$A:$A,Prices!$B:$B,"")>0,"OK","Missing Price"))
B19: =IF(A19="","",IF(COUNTIF(Asset_Info!$A$2:$A$100,A19)>0,"OK","Missing")) | C19: =IF(A19="","",IF(COUNTIF(Prices!$A$2:$A$100,A19)>0,"OK","Missing")) | D19: =IF(A19="","",IF(SUMIFS(Transactions[Shares],Transactions[Ticker],A19,Transactions[Action],"Buy")-SUMIFS(Transactions[Shares],Transactions[Ticker],A19,Transactions[Action],"Sell")>=0,"OK","Negative")) | E19: =IF(A19="","",IF(_xlfn.XLOOKUP(A19,Prices!$A:$A,Prices!$B:$B,"")>0,"OK","Missing Price"))
B20: =IF(A20="","",IF(COUNTIF(Asset_Info!$A$2:$A$100,A20)>0,"OK","Missing")) | C20: =IF(A20="","",IF(COUNTIF(Prices!$A$2:$A$100,A20)>0,"OK","Missing")) | D20: =IF(A20="","",IF(SUMIFS(Transactions[Shares],Transactions[Ticker],A20,Transactions[Action],"Buy")-SUMIFS(Transactions[Shares],Transactions[Ticker],A20,Transactions[Action],"Sell")>=0,"OK","Negative")) | E20: =IF(A20="","",IF(_xlfn.XLOOKUP(A20,Prices!$A:$A,Prices!$B:$B,"")>0,"OK","Missing Price"))
B21: =IF(A21="","",IF(COUNTIF(Asset_Info!$A$2:$A$100,A21)>0,"OK","Missing")) | C21: =IF(A21="","",IF(COUNTIF(Prices!$A$2:$A$100,A21)>0,"OK","Missing")) | D21: =IF(A21="","",IF(SUMIFS(Transactions[Shares],Transactions[Ticker],A21,Transactions[Action],"Buy")-SUMIFS(Transactions[Shares],Transactions[Ticker],A21,Transactions[Action],"Sell")>=0,"OK","Negative")) | E21: =IF(A21="","",IF(_xlfn.XLOOKUP(A21,Prices!$A:$A,Prices!$B:$B,"")>0,"OK","Missing Price"))
... B100: =IF(A100="","",IF(COUNTIF(Asset_Info!$A$2:$A$100,A100)>0,"OK","Missing")) | C100: =IF(A100="","",IF(COUNTIF(Prices!$A$2:$A$100,A100)>0,"OK","Missing")) | D100: =IF(A100="","",IF(SUMIFS(Transactions[Shares],Transactions[Ticker],A100,Transactions[Action],"Buy")-SUMIFS(Transactions[Shares],Transactions[Ticker],A100,Transactions[Action],"Sell")>=0,"OK","Negative")) | E100: =IF(A100="","",IF(_xlfn.XLOOKUP(A100,Prices!$A:$A,Prices!$B:$B,"")>0,"OK","Missing Price"))

Sheet Pivot_Summary
A1: Etiquetas de fila | B1: Suma de Market Value | D1: Etiquetas de fila | E1: Suma de Total Gain/Loss | G1: Etiquetas de fila | H1: Suma de Market Value
A2: Broad Market | B2: 1441.3 | D2: AAPL | E2: 680.98 | G2: AAPL | H2: 1960.98
A3: Commodities | B3: 1269.54 | D3: AMZN | E3: 3413 | G3: AMZN | H3: 13413
A4: Finance | B4: 6249.4 | D4: GLD | E4: 669.54 | G4: GLD | H4: 1269.54
A5: Retail | B5: 13413 | D5: JPM | E5: -3350.6 | G5: JPM | H5: 6249.4
A6: Technology | B6: 42964 | D6: MSFT | E6: 343.32 | G6: MSFT | H6: 1243.32
A7: Total general | B7: 65337.24 | D7: NVDA | E7: 930.7 | G7: NVDA | H7: 1190.7
D8: SPY | E8: 441.3 | G8: SPY | H8: 1441.3
D9: GOOGL | E9: 8569 | G9: GOOGL | H9: 38569
D10: Total general | E10: 11697.24 | G10: Total general | H10: 65337.24

Sheet Dashboard
A1: Portfolio Dashboard | D1: As of: | E1: =TODAY() -> 46145 | G1: Prices As of: | H1: =MAX(Prices!$C$2:$C$100) -> 46145
A2: Total Portfolio Value | D2: Total Gain/Loss | G2: Return % | J2: Realized Gain/Loss | M2: Unrealized Gain/Loss
A3: =SUM(Holdings!$D$2:$D$100) -> 65337.24 | D3: =SUM(Holdings!$K$2:$K$100) -> 11697.24 | G3: =$D$3/SUM(Holdings!$F$2:F$100) -> 0.21806935 | J3: =SUM(Holdings!$I$2:$I$100) -> 40 | M3: =SUM(Holdings!$J$2:$J$100) -> 11657.24
A22: Ticker | B22: Shares | C22: Market Value | D22: Total Gain/Loss | E22: Return %
A23: =IF(Holdings!A2="","",Holdings!A2) -> AAPL | B23: =Holdings!B2 -> 7 | C23: =Holdings!D2 -> 1960.98 | D23: =Holdings!K2 -> 680.98 | E23: =Holdings!L2 -> 0.53201562
A24: =IF(Holdings!A3="","",Holdings!A3) -> MSFT | B24: =Holdings!B3 -> 3 | C24: =Holdings!D3 -> 1243.32 | D24: =Holdings!K3 -> 343.32 | E24: =Holdings!L3 -> 0.38146667
A25: =IF(Holdings!A4="","",Holdings!A4) -> SPY | B25: =Holdings!B4 -> 2 | C25: =Holdings!D4 -> 1441.3 | D25: =Holdings!K4 -> 441.3 | E25: =Holdings!L4 -> 0.4413
A26: =IF(Holdings!A5="","",Holdings!A5) -> NVDA | B26: =Holdings!B5 -> 6 | C26: =Holdings!D5 -> 1190.7 | D26: =Holdings!K5 -> 930.7 | E26: =Holdings!L5 -> 1.8614
A27: =IF(Holdings!A6="","",Holdings!A6) -> GLD | B27: =Holdings!B6 -> 3 | C27: =Holdings!D6 -> 1269.54 | D27: =Holdings!K6 -> 669.54 | E27: =Holdings!L6 -> 1.1159
A28: =IF(Holdings!A7="","",Holdings!A7) -> JPM | B28: =Holdings!B7 -> 20 | C28: =Holdings!D7 -> 6249.4 | D28: =Holdings!K7 -> -3350.6 | E28: =Holdings!L7 -> -0.34902083
A29: =IF(Holdings!A8="","",Holdings!A8) -> AMZN | B29: =IF(Holdings!B8="","",Holdings!B8) -> 50 | C29: =Holdings!D8 -> 13413 | D29: =Holdings!K8 -> 3413 | E29: =Holdings!L8 -> 0.3413
A30: =IF(Holdings!A9="","",Holdings!A9) -> GOOGL | B30: =Holdings!B9 -> 100 | C30: =Holdings!D9 -> 38569 | D30: =Holdings!K9 -> 8569 | E30: =Holdings!L9 -> 0.28563333
A31: =IF(Holdings!A10="","",Holdings!A10) | B31: =Holdings!B10 | C31: =Holdings!D10 | D31: =Holdings!K10 | E31: =Holdings!L10
A32: =IF(Holdings!A11="","",Holdings!A11) | B32: =Holdings!B11 | C32: =Holdings!D11 | D32: =Holdings!K11 | E32: =Holdings!L11
A33: =IF(Holdings!A12="","",Holdings!A12) | B33: =Holdings!B12 | C33: =Holdings!D12 | D33: =Holdings!K12 | E33: =Holdings!L12
A34: =IF(Holdings!A13="","",Holdings!A13) | B34: =Holdings!B13 | C34: =Holdings!D13 | D34: =Holdings!K13 | E34: =Holdings!L13
A35: =IF(Holdings!A14="","",Holdings!A14) | B35: =Holdings!B14 | C35: =Holdings!D14 | D35: =Holdings!K14 | E35: =Holdings!L14
A36: =IF(Holdings!A15="","",Holdings!A15) | B36: =Holdings!B15 | C36: =Holdings!D15 | D36: =Holdings!K15 | E36: =Holdings!L15
A37: =IF(Holdings!A16="","",Holdings!A16) | B37: =Holdings!B16 | C37: =Holdings!D16 | D37: =Holdings!K16 | E37: =Holdings!L16
A38: =IF(Holdings!A17="","",Holdings!A17) | B38: =Holdings!B17 | C38: =Holdings!D17 | D38: =Holdings!K17 | E38: =Holdings!L17
A39: =IF(Holdings!A18="","",Holdings!A18) | B39: =Holdings!B18 | C39: =Holdings!D18 | D39: =Holdings!K18 | E39: =Holdings!L18
A40: =IF(Holdings!A19="","",Holdings!A19) | B40: =Holdings!B19 | C40: =Holdings!D19 | D40: =Holdings!K19 | E40: =Holdings!L19
